Workbook

Sheet Input Parameters
A1: Chile Mining Corridor PtX - Parameters
A2: Final model values used across the workbook; calculations are shown on the following sheets.
A4: Category | B4: Parameter | C4: Value | D4: Unit | E4: Type | F4: Notes
A5: Demand | B5: Methanol demand | C5: ='Demand Calculations'!B12 -> 2303240.7 | D5: MWh/a | E5: Fuel Demand | F5: based on a 60/40 share of local demand to export
A6: Demand | B6: Ammonia demand | C6: ='Demand Calculations'!B22 -> 3645833.3 | D6: MWh/a | E6: Fuel Demand | F6: based on a 60/40 share of local demand to export
A7: Emissions | B7: Available CO2 emissions | C7: ='CO2 Calculations'!B31 -> 591118.82 | D7: tCO2/a | E7: CO2 emissions for use | F7: Combined emissiones of Altonorte processing pland, and reginal lime and cement production.
A8: Cost | B8: Delivered CO2 cost (20 km) | C8: ='CO2 Calculations'!B39 -> 59.5 | D8: EUR/tCO2 | E8: CO2 cost | F8: CO2 capture and transport cost
A9: Cost | B9: Delivered CO2 cost (70 km) | C9: ='CO2 Calculations'!B40 -> 62.5 | D9: EUR/tCO2 | E9: CO2 cost | F9: CO2 capture and transport cost
A10: Cost | B10: Delivered CO2 cost (140 km) | C10: ='CO2 Calculations'!B41 -> 66.5 | D10: EUR/tCO2 | E10: CO2 cost | F10: CO2 capture and transport cost

Sheet Parameters
A1: Chile Mining Corridor PtX - Parameters
A2: Final model values used across the workbook; calculations are shown on the following sheets.
A4: Category | B4: Parameter | C4: Value | D4: Unit | E4: Type | F4: Source ID | G4: Notes
A5: Demand | B5: Methanol demand for mining trucks | C5: 250 | D5: kt/a | E5: Assumption | F5: S8 | G5: Fixed 2050 truck-fleet demand used as model input.
A6: Demand | B6: Ammonia demand for mining cluster | C6: 350 | D6: kt/a | E6: Literature | F6: S7 | G6: Regional mining-cluster demand (not mine-only).
A7: Demand | B7: Local use share | C7: 0.6 | D7: % | E7: Assumption | F7: S8 | G7: Applies equally to ammonia and methanol.
A8: Demand | B8: Export share | C8: 0.4 | D8: % | E8: Assumption | F8: S8 | G8: Applies equally to ammonia and methanol.
A9: CO2 | B9: Methane / natural-gas emission factor | C9: 0.201 | D9: tCO2/MWh | E9: Literature | F9: S1 | G9: BAFA Erdgas factor, used as methane proxy.
A10: CO2 | B10: Altonorte non-renewable fuel use | C10: 1338695239 | D10: MJ/a | E10: Literature | F10: S2 | G10: Aggregated fossil fuel use reported for 2024.
A11: CO2 | B11: Altonorte CO2 output | C11: 74.7 | D11: kt CO2/a | E11: Calculated | F11: S1+S2 | G11: Fuel use converted with the BAFA methane/natural-gas factor.
A12: CO2 | B12: INACESA lime capacity | C12: 650000 | D12: t/a | E12: User note | F12: S8 | G12: Installed annual capacity.
A13: CO2 | B13: INACESA lime utilisation | C13: 0.9 | D13: % | E13: User note | F13: S8 | G13: Conservative operating assumption.
A14: CO2 | B14: Lime emission factor | C14: 0.75 | D14: tCO2/t | E14: Assumption | F14: S6 | G14: Proxy factor for calcination emissions.
A15: CO2 | B15: INACESA lime CO2 | C15: 438.8 | D15: kt CO2/a | E15: Calculated | F15: S8+S6 | G15: Capacity × utilisation × emission factor.
A16: CO2 | B16: INACESA cement capacity | C16: 500000 | D16: t/a | E16: User note | F16: S8 | G16: Installed annual capacity.
... A25: CO2 | B25: Delivered CO2 cost at 70 km | C25: 66 | D25: EUR/tCO2 | E25: Calculated | F25: S3+S4 | G25: Capture cost plus transport cost.
A26: Model | B26: Site-specific PV profile | C26: Yes | D26: - | E26: Model input | F26: S8 | G26: Fixed by site; not a separate scenario dimension.
A27: Model | B27: DAC in base case | C27: No | D27: - | E27: Model choice | F27: S8 | G27: DAC excluded from the base cases.
A28: Model | B28: H2 export as a product | C28: No | D28: - | E28: Model choice | F28: S8 | G28: Excluded by design.

Sheet Demand Calculations
A1: Demand Calculations and Assumptions
A2: The selected base demands remain fixed, while the local-use/export split is applied identically to ammonia and methanol.
A4: Methanol truck demand (2050) | B4: Value | C4: Unit | D4: Logic / calculation | E4: Source ID | F4: Notes
A5: Methanol demand for trucks (kt) | B5: 250 | C5: kt/a | D5: Fixed exogenous demand for the 2050 truck fleet. | E5: S8 | F5: Base case used in the model.
A6: Methanol demand for trucks (t) | B6: =B5*1000 -> 250000 | C6: t/a
A7: Local-use share | B7: 0.6 | C7: % | D7: Applied to the selected base demand. | E7: S8 | F7: Same split as ammonia.
A8: Export share | B8: 0.4 | C8: % | D8: Applied to the selected base demand. | E8: S8 | F8: Same split as ammonia.
A9: Local methanol demand | B9: =B6 -> 250000 | C9: t/a | D9: Local demand | E9: Calc. | F9: Methanol used in the mining cluster.
A10: Export methanol demand | B10: =B11*B8 -> 166666.67 | C10: t/a | D10: Total demand × export share. | E10: Calc. | F10: Methanol exported via the port.
A11: Total Methanol Demand | B11: =B9/B7 -> 416666.67 | C11: t/a | D11: Local demand / local-use share. | E11: Calc. | F11: Total demand to be supplied
A12: Total Methanol Demand (MWh) | B12: =B11*B33 -> 2303240.7 | C12: MWh/a | F12: Total demand to be supplied
A14: Ammonia demand (regional mining cluster, 2050) | B14: Value | C14: Unit | D14: Logic / calculation | E14: Source ID | F14: Notes
A15: Regional ammonia demand (kt) | B15: 350 | C15: kt/a | D15: Literature-based regional mining-cluster demand. | E15: S7 | F15: Represents the local mining cluster rather than a single mine.
A16: Regional ammonia demand (t) | B16: =B15*1000 -> 350000 | C16: t/a
A17: Local-use share | B17: 0.6 | C17: % | D17: Applied to the regional ammonia demand. | E17: S8 | F17: Same split as methanol.
A18: Export share | B18: 0.4 | C18: % | D18: Applied to the regional ammonia demand. | E18: S8 | F18: Same split as methanol.
A19: Local ammonia demand | B19: =B16 -> 350000 | C19: t/a | D19: Regional demand × export share. | E19: Calc. | F19: Ammonia used within the mining cluster.
A20: Export ammonia demand | B20: =B21*B18 -> 233333.33 | C20: t/a | D20: Total demand × export share. | E20: Calc. | F20: Ammonia shipped through the port.
A21: Total Ammonia Demand | B21: =B19/B17 -> 583333.33 | C21: t/a | D21: Regional demand / local-use share. | E21: Calc. | F21: Total demand to be supplied
A22: Total Ammonia Demand (MWh) | B22: =B21*B34 -> 3645833.3 | C22: MWh/a | E22: Calc. | F22: Total demand to be supplied
A24: Note type | B24: Content
A25: Demand note | B25: Methanol demand is kept as a fixed 2050 truck-fuel requirement to keep the scenario set compact.
A26: Demand note | B26: Ammonia demand is the regional mining-cluster demand centered on the blasting-agent chain.
A27: Demand note | B27: Local use and export shares are identical for NH3 and MeOH in the base case.
A30: MJ per MWh | B30: 3600 | C30: MJ/MWh | D30: 1 MWh = 3,600 MJ.
A31: Calorific value methanol | B31: 19.9 | C31: MJ/kg | D31: 1 kg = 19.900 MJ. | E31: https://www.sciencedirect.com/science/article/abs/pii/S0961953425006567
A32: Calorific value ammonia | B32: 22.5 | C32: MJ/kg | D32: 1 kg = 22.500 MJ. | E32: https://www.engineeringtoolbox.com/fuels-higher-calorific-values-d_169.html
A33: Calorific value methanol | B33: =B31/$B$30*1000 -> 5.5277778 | C33: MWh/t
A34: Calorific value ammonia | B34: =B32/$B$30*1000 -> 6.25 | C34: MWh/t

Sheet CO2 Calculations
A1: CO2 Source and Cost Calculations
A2: Base case uses methane / natural-gas emission factors, a conservative INACESA source estimate, and separate capture and transport assumptions.
A4: Altonorte fuel-based CO2 | B4: Value | C4: Unit | D4: Formula / logic | E4: Source ID | F4: Notes
A5: Non-renewable fuel use (MJ) | B5: 1338695239 | C5: MJ/a | D5: Reported total non-renewable fuel use. | E5: S2 | F5: Input Energy as Basis
A6: Fuel use (MWh) | B6: =B5/3600 -> 371859.79 | C6: MWh/a | D6: MJ/a divided by 3,600 MJ/MWh. | E6: Calc.
A7: Methane / natural-gas factor | B7: 0.201 | C7: tCO2/MWh | D7: BAFA Erdgas factor used as methane proxy. | E7: S1
A8: Altonorte CO2 emissions | B8: =B6*B7 -> 74743.818 | C8: tCO2/a | D8: Fuel use converted to MWh × emission factor. | E8: Calc. | F8: Direct fuel-related CO2 emission estimate.
A9: Altonorte CO2 emissions captured | B9: =B8*0.9 -> 67269.436 | C9: tCO2/a | D9: Total emissions × emission capture efficiency. | E9: Calc. | F9: adjusted emission estimate
A11: INACESA CO2 potential | B11: Value | C11: Unit | D11: Formula / logic | E11: Source ID | F11: Notes
A12: Lime capacity | B12: 650000 | C12: t/a | D12: Installed capacity. | E12: S8 | F12: Based on publication and assumption
A13: Lime utilisation | B13: 0.9 | C13: % | D13: Conservative operating assumption. | E13: S8 | F13: Based on publication and assumption
A14: Lime emission factor | B14: 0.75 | C14: tCO2/t | D14: Proxy calcination factor. | E14: S6 | F14: Assumption based on lime LCI literature.
A15: Lime CO2 | B15: =B12*B13*B14/1000 -> 438.75 | C15: kt CO2/a | D15: Capacity × utilisation × emission factor. | E15: Calc. | F15: Emissions from lime
A16: Lime CO2 adjusted | B16: =B15*0.9 -> 394.875 | C16: kt CO2/a | D16: Total emissions × emission capture efficiency. | E16: Calc. | F16: adjusted emission estimate
A17: Cement capacity | B17: 500000 | C17: t/a | D17: Installed capacity. | E17: S8 | F17: Based on publication and assumption
A18: Cement utilisation (low) | B18: 0.4 | C18: % | D18: Lower estimate from the capacity note. | E18: S8 | F18: Lower bound.
A19: Cement utilisation (base) | B19: 0.45 | C19: % | D19: Midpoint of the estimate. | E19: S8 | F19: Assumption
A20: Cement utilisation (high) | B20: 0.5 | C20: % | D20: Upper estimate from the capacity note. | E20: S8 | F20: upper bound.
A21: Cement emission factor | B21: 0.6 | C21: tCO2/t | D21: Simplified proxy factor. | E21: S5 | F21: Assumption, based on literature
A22: Cement CO2 (low) | B22: =B17*B18*B21/1000 -> 120 | C22: kt CO2/a | D22: Capacity × utilisation × factor. | E22: Calc. | F22: Lower-bound cement CO2 emissions.
A23: Cement CO2 (base) | B23: =B17*B19*B21/1000 -> 135 | C23: kt CO2/a | D23: Capacity × utilisation × factor. | E23: Calc. | F23: Base-case cement CO2 emissions.
A24: Cement CO2 (high) | B24: =B17*B20*B21/1000 -> 150 | C24: kt CO2/a | D24: Capacity × utilisation × factor. | E24: Calc. | F24: Upper-bound cement CO2 emissions.
A25: Cement CO2 (low) adjusted | B25: =B22*0.9 -> 108 | C25: kt CO2/a | D25: Total emissions × emission capture efficiency. | E25: Calc. | F25: adjusted emission estimate
A26: Cement CO2 (base) adjusted | B26: =B23*0.9 -> 121.5 | C26: kt CO2/a | D26: Total emissions × emission capture efficiency. | E26: Calc. | F26: adjusted emission estimate
A27: Cement CO2 (high) adjusted | B27: =B24*0.9 -> 135 | C27: kt CO2/a | D27: Total emissions × emission capture efficiency. | E27: Calc. | F27: adjusted emission estimate
A28: Total CO2 availability (low) | B28: =B8/1000+B16+B25 -> 577.61882 | C28: kt CO2/a | D28: Altonorte + lime + cement low. | E28: Calc. | F28: Lower-bound total CO2 emissions.
A29: Total CO2 availability (base) | B29: =B8/1000+B16+B26 -> 591.11882 | C29: kt CO2/a | D29: Altonorte + lime + cement base. | E29: Calc. | F29: Base-case total CO2 emissions.
A30: Total CO2 availability (high) | B30: =B8/1000+B16+B27 -> 604.61882 | C30: kt CO2/a | D30: Altonorte + lime + cement high. | E30: Calc. | F30: Upper-bound total CO2 emissions.
A31: Total CO2 availability (t) | B31: =B29*1000 -> 591118.82 | C31: tCO2/a | D31: Altonorte + lime + cement base. | E31: Calc. | F31: Base-case total CO2 emissions in t
A34: CO2 capture and transport costs | B34: Value | C34: Unit | D34: Formula / logic | E34: Source ID | F34: Notes
A35: CO2 capture cost at source | B35: 56.5 | C35: EUR/tCO2 | D35: Base capture-only assumption. | E35: S4 | F35: Elsevier paper supports ~56-57 EUR/tCO2 and 74.5-124 EUR/tCO2 with transport/storage.
A36: Transport cost (20 km) | B36: 3 | C36: EUR/tCO2 | D36: Simplified short-distance pipeline value. | E36: S3 | F36: MDPI transport study used as range support.
A37: Transport cost (70 km) | B37: 6 | C37: EUR/tCO2 | D37: Simplified mid-distance pipeline value. | E37: S3 | F37: Base case for the mid-point site.
A38: Transport cost (140 km) | B38: 10 | C38: EUR/tCO2 | D38: Simplified long-distance pipeline value. | E38: S3 | F38: Upper-value estimate for the mine site.
A39: Delivered CO2 cost (20 km) | B39: =$B$35+B36 -> 59.5 | C39: EUR/tCO2 | D39: Capture cost + transport cost. | E39: Calc. | F39: cost for short distance
A40: Delivered CO2 cost (70 km) | B40: =$B$35+B37 -> 62.5 | C40: EUR/tCO2 | D40: Capture cost + transport cost. | E40: Calc. | F40: cost for middle
A41: Delivered CO2 cost (140 km) | B41: =$B$35+B38 -> 66.5 | C41: EUR/tCO2 | D41: Capture cost + transport cost. | E41: Calc. | F41: cost for long distance

Sheet Scenarios & Assumptions
A1: Scenario Matrix and Fixed Assumptions
A2: Base case: 3 sites × 2 products; site-specific PV profiles are inputs, not separate scenario dimensions.
A4: Scenario ID | B4: Site | C4: Product | D4: PV profile | E4: Offtake split | F4: CO2 requirement | G4: Transport logic | H4: Notes
A5: S1 | B5: Desalination / coast | C5: Ammonia | D5: Coastal PV profile | E5: 60% local / 40% export | F5: No CO2 | G5: Local ammonia goes to the mining cluster; export goes to the port. | H5: No DAC; no H2 export.
A6: S2 | B6: Desalination / coast | C6: Methanol | D6: Coastal PV profile | E6: 60% local / 40% export | F6: CO2 from La Negra / Altonorte | G6: CO2 delivered to the coast (~20 km); methanol split between mining-cluster use and export. | H6: No DAC; no H2 export.
A7: S3 | B7: Pump station / corridor | C7: Ammonia | D7: Mid-corridor PV profile | E7: 60% local / 40% export | F7: No CO2 | G7: Local ammonia goes to the mining cluster; export goes to the port. | H7: No DAC; no H2 export.
A8: S4 | B8: Pump station / corridor | C8: Methanol | D8: Mid-corridor PV profile | E8: 60% local / 40% export | F8: CO2 from La Negra / Altonorte | G8: CO2 delivered to the corridor (~70 km); methanol split between mining-cluster use and export. | H8: No DAC; no H2 export.
A9: S5 | B9: Mine | C9: Ammonia | D9: Mine-specific PV profile | E9: 60% local / 40% export | F9: No CO2 | G9: Local ammonia is consumed within the mining cluster; export goes to the port. | H9: No DAC; no H2 export.
A10: S6 | B10: Mine | C10: Methanol | D10: Mine-specific PV profile | E10: 60% local / 40% export | F10: CO2 from La Negra / Altonorte | G10: CO2 delivered to the mine (~140 km); methanol split between truck use and export. | H10: No DAC; no H2 export.
A13: Fixed modelling assumptions | B13: Value | C13: Unit | D13: Notes
A14: Local-use share | B14: 0.6 | C14: % | D14: Identical for NH3 and MeOH.
A15: Export share | B15: 0.4 | C15: % | D15: Identical for NH3 and MeOH.
A16: DAC | B16: Excluded | C16: - | D16: Not included in the base case.
A17: H2 export | B17: Excluded | C17: - | D17: Not included in the base case.
A18: PV dimension | B18: Fixed by site | C18: - | D18: PV resource is not a separate scenario axis.

Sheet Sources
A1: Source Register
A2: Primary source list used in the workbook. Plain-text URLs are included for traceability.
A4: ID | B4: Reference | C4: Use in workbook | D4: Type | E4: URL
A5: S1 | B5: BAFA (2023). Informationsblatt CO2-Faktoren, version 2.9. | C5: Methane / natural-gas emission factor (0.201 tCO2/MWh). | D5: Official factor table | E5: https://www.bafa.de/SharedDocs/Downloads/DE/Energie/eew_infoblatt_co2_faktoren_2023.pdf?__blob=publicationFile&v=2
A6: S2 | B6: Glencore (2024). Altonorte Sustainability Report 2024. | C6: Altonorte fuel use and production data. | D6: Company sustainability report | E6: https://www.glencore.cl/.rest/api/v1/documents/f509bfd36c58c4c4c75224fd0a4323e0/Reporte%2BSostenibilidad%2BAltonorte%2B2024.pdf
A7: S3 | B7: Schmidt et al. (2024). Pipeline Infrastructure for CO2 Transport: Cost Analysis and Design Optimization. | C7: CO2 transport cost range and distance sensitivity. | D7: Peer-reviewed article (MDPI Energies) | E7: https://doi.org/10.3390/en17122911
A8: S4 | B8: Ferrario et al. (2024). Cost and environmentally efficient design of an absorption-based post-combustion carbon capture unit for industry applications. | C8: CO2 capture cost range for industry applications. | D8: Peer-reviewed article (Elsevier / CEJ) | E8: https://doi.org/10.1016/j.cej.2024.152900
A9: S5 | B9: IEA Cement sector overview. | C9: Cement process context and proxy emission factor support. | D9: Institutional source | E9: https://www.iea.org/energy-system/buildings/cement
A10: S6 | B10: Greco-Coppi et al. (2023). Efficient CO2 capture from lime plants: Techno-economic assessment of integrated concepts using indirectly heated carbonate looping technology. | C10: Lime-process support for calcination-based CO2 estimates. | D10: Peer-reviewed article (Elsevier) | E10: https://doi.org/10.1016/j.ccst.2023.100187
A11: S7 | B11: HyEx / Enaex mining ammonia demand sources. | C11: Regional ammonia demand basis (350 kt/a). | D11: Industry source | E11: https://fch.cl/wp-content/uploads/2021/11/Showcase-HyEx_Engie-Enaex.pdf
A12: S8 | B12: User-provided modelling assumptions and notes. | C12: Truck demand, utilization assumptions, distances, and scenario logic. | D12: User input | E12: N/A
